timestamp,temperature_C,humudity_%
2025-09-15 21:00:00,19.0,53.5
2025-09-15 21:01:00,19.2,54.1
2025-09-15 21:02:00,19.4,54.0
2025-09-15 21:03:00,19.4,54.0
2025-09-15 21:04:00,19.5,54.0
2025-09-15 21:05:00,19.4,53.2
2025-09-15 21:06:00,19.1,54.1
2025-09-15 21:07:00,19.1,54.0
2025-09-15 21:08:00,19.3,53.5
2025-09-15 21:09:00,19.3,54.4
2025-09-15 21:10:00,19.0,53.7
2025-09-15 21:11:00,19.4,52.6
2025-09-15 21:12:00,19.4,53.5
2025-09-15 21:13:00,19.3,54.0
2025-09-15 21:14:00,19.1,54.0
2025-09-15 21:15:00,19.2,54.7
2025-09-15 21:16:00,19.5,54.5
2025-09-15 21:17:00,19.1,53.5
2025-09-15 21:18:00,19.2,53.5
2025-09-15 21:19:00,19.2,53.7
2025-09-15 21:20:00,19.5,53.9
2025-09-15 21:21:00,19.4,53.7
2025-09-15 21:22:00,19.3,54.4
2025-09-15 21:23:00,19.3,54.2
2025-09-15 21:24:00,19.1,53.9
2025-09-15 21:25:00,19.4,52.9
2025-09-15 21:26:00,19.2,53.7
2025-09-15 21:27:00,19.1,53.6
2025-09-15 21:28:00,19.4,53.9
2025-09-15 21:29:00,19.3,53.5
2025-09-15 21:30:00,19.3,53.9
2025-09-15 21:31:00,19.3,53.9
2025-09-15 21:32:00,19.2,54.2
2025-09-15 21:33:00,19.5,53.7
2025-09-15 21:34:00,19.3,53.2
2025-09-15 21:35:00,19.2,54.1
2025-09-15 21:36:00,19.2,53.7
2025-09-15 21:37:00,19.3,53.1
2025-09-15 21:38:00,19.1,53.1
2025-09-15 21:39:00,19.3,53.5
2025-09-15 21:40:00,19.3,54.0
2025-09-15 21:41:00,19.1,53.4
2025-09-15 21:42:00,19.5,52.9
2025-09-15 21:43:00,19.3,53.5
2025-09-15 21:44:00,19.3,53.3
2025-09-15 21:45:00,19.4,53.3
2025-09-15 21:46:00,19.3,53.8
2025-09-15 21:47:00,19.6,52.9
2025-09-15 21:48:00,19.3,53.5
2025-09-15 21:49:00,19.3,54.3
2025-09-15 21:50:00,19.3,54.0
2025-09-15 21:51:00,19.2,53.4
2025-09-15 21:52:00,19.2,54.5
2025-09-15 21:53:00,19.2,53.6
2025-09-15 21:54:00,19.2,53.5
2025-09-15 21:55:00,19.3,54.4
2025-09-15 21:56:00,19.3,53.3
2025-09-15 21:57:00,19.5,54.4
2025-09-15 21:58:00,nan,nan
2025-09-15 21:59:00,19.4,53.6
2025-09-15 22:00:00,19.4,54.8
2025-09-15 22:01:00,19.3,55.1
2025-09-15 22:02:00,19.4,54.7
2025-09-15 22:03:00,19.3,53.9
2025-09-15 22:04:00,19.3,54.1
2025-09-15 22:05:00,19.0,54.5
2025-09-15 22:06:00,19.4,53.5
2025-09-15 22:07:00,nan,nan
2025-09-15 22:08:00,19.3,53.6
2025-09-15 22:09:00,19.3,54.9
2025-09-15 22:10:00,19.5,52.8
2025-09-15 22:11:00,19.2,54.1
2025-09-15 22:12:00,19.3,52.9
2025-09-15 22:13:00,19.4,53.3
2025-09-15 22:14:00,19.1,53.5
2025-09-15 22:15:00,19.6,54.1
2025-09-15 22:16:00,19.4,52.8
2025-09-15 22:17:00,19.2,54.7
2025-09-15 22:18:00,18.9,53.8
2025-09-15 22:19:00,19.3,53.5
2025-09-15 22:20:00,19.0,53.6
2025-09-15 22:21:00,19.4,54.6
2025-09-15 22:22:00,19.3,53.6
2025-09-15 22:23:00,19.2,53.3
2025-09-15 22:24:00,19.1,54.1
2025-09-15 22:25:00,19.4,54.5
2025-09-15 22:26:00,19.3,54.0
2025-09-15 22:27:00,19.1,53.0
2025-09-15 22:28:00,19.0,54.3
2025-09-15 22:29:00,19.2,54.2
2025-09-15 22:30:00,19.2,54.1
2025-09-15 22:31:00,19.1,54.0
2025-09-15 22:32:00,19.3,53.5
2025-09-15 22:33:00,19.2,54.1
2025-09-15 22:34:00,19.2,53.9
2025-09-15 22:35:00,19.2,53.1
2025-09-15 22:36:00,19.1,54.7
2025-09-15 22:37:00,19.1,54.2
2025-09-15 22:38:00,19.1,54.2
2025-09-15 22:39:00,19.1,54.0
2025-09-15 22:40:00,19.2,54.1
2025-09-15 22:41:00,19.1,53.6
2025-09-15 22:42:00,19.0,53.6
2025-09-15 22:43:00,19.1,53.7
2025-09-15 22:44:00,19.1,54.5
2025-09-15 22:45:00,19.2,54.0
2025-09-15 22:46:00,19.1,54.0
2025-09-15 22:47:00,18.9,54.3
2025-09-15 22:48:00,19.0,54.2
2025-09-15 22:49:00,18.8,53.4
2025-09-15 22:50:00,18.8,54.2
2025-09-15 22:51:00,19.1,54.1
2025-09-15 22:52:00,19.1,54.0
2025-09-15 22:53:00,19.2,54.0
2025-09-15 22:54:00,19.1,54.1
2025-09-15 22:55:00,18.9,53.5
2025-09-15 22:56:00,18.8,53.4
2025-09-15 22:57:00,18.7,54.4
2025-09-15 22:58:00,18.8,54.7
2025-09-15 22:59:00,19.1,53.9
2025-09-15 23:00:00,19.0,53.5
2025-09-15 23:01:00,19.2,53.4
2025-09-15 23:02:00,18.9,54.5
2025-09-15 23:03:00,18.9,54.1
2025-09-15 23:04:00,18.8,54.1
2025-09-15 23:05:00,18.9,53.7
2025-09-15 23:06:00,18.8,54.2
2025-09-15 23:07:00,19.0,53.8
2025-09-15 23:08:00,18.8,54.8
2025-09-15 23:09:00,19.1,54.7
2025-09-15 23:10:00,18.8,54.7
2025-09-15 23:11:00,19.0,53.6
2025-09-15 23:12:00,18.9,53.5
2025-09-15 23:13:00,18.9,54.4
2025-09-15 23:14:00,18.8,54.5
2025-09-15 23:15:00,18.7,53.4
2025-09-15 23:16:00,18.8,54.0
2025-09-15 23:17:00,18.9,53.9
2025-09-15 23:18:00,18.9,54.2
2025-09-15 23:19:00,18.7,55.4
2025-09-15 23:20:00,18.9,54.2
2025-09-15 23:21:00,18.8,54.3
2025-09-15 23:22:00,18.8,54.3
2025-09-15 23:23:00,18.7,54.1
2025-09-15 23:24:00,18.9,53.1
2025-09-15 23:25:00,18.8,53.9
2025-09-15 23:26:00,18.8,52.9
2025-09-15 23:27:00,18.7,54.2
2025-09-15 23:28:00,18.8,54.2
2025-09-15 23:29:00,18.6,54.2
2025-09-15 23:30:00,18.6,54.7
2025-09-15 23:31:00,18.6,54.3
2025-09-15 23:32:00,18.8,54.5
2025-09-15 23:33:00,18.5,54.1
2025-09-15 23:34:00,18.8,54.1
2025-09-15 23:35:00,18.7,54.1
2025-09-15 23:36:00,18.6,54.1
2025-09-15 23:37:00,18.9,53.1
2025-09-15 23:38:00,18.8,53.2
2025-09-15 23:39:00,18.7,53.9
2025-09-15 23:40:00,18.5,53.5
2025-09-15 23:41:00,18.7,54.6
2025-09-15 23:42:00,18.7,54.0
2025-09-15 23:43:00,18.6,54.4
2025-09-15 23:44:00,18.7,54.7
2025-09-15 23:45:00,18.8,53.4
2025-09-15 23:46:00,18.9,54.2
2025-09-15 23:47:00,18.9,54.5
2025-09-15 23:48:00,18.6,54.1
2025-09-15 23:49:00,18.9,55.0
2025-09-15 23:50:00,18.7,54.2
2025-09-15 23:51:00,18.8,53.5
2025-09-15 23:52:00,18.7,54.8
2025-09-15 23:53:00,18.7,54.5
2025-09-15 23:54:00,18.8,54.2
2025-09-15 23:55:00,18.8,54.5
2025-09-15 23:56:00,18.9,54.2
2025-09-15 23:57:00,18.7,52.9
2025-09-15 23:58:00,18.7,53.2
2025-09-15 23:59:00,18.6,54.3
2025-09-16 00:00:00,19.0,52.9
2025-09-16 00:01:00,18.7,53.0
2025-09-16 00:02:00,18.6,54.6
2025-09-16 00:03:00,18.6,53.9
2025-09-16 00:04:00,18.6,54.3
2025-09-16 00:05:00,18.9,54.2
2025-09-16 00:06:00,18.7,54.5
2025-09-16 00:07:00,18.7,53.3
2025-09-16 00:08:00,18.8,53.7
2025-09-16 00:09:00,18.6,54.5
2025-09-16 00:10:00,18.4,54.1
2025-09-16 00:11:00,18.6,53.3
2025-09-16 00:12:00,18.7,53.5
2025-09-16 00:13:00,18.7,53.9
2025-09-16 00:14:00,18.8,54.4
2025-09-16 00:15:00,18.7,54.6
2025-09-16 00:16:00,18.6,54.1
2025-09-16 00:17:00,18.9,53.3
2025-09-16 00:18:00,18.9,53.6
2025-09-16 00:19:00,18.6,54.1
2025-09-16 00:20:00,18.6,54.2
2025-09-16 00:21:00,18.7,53.6
2025-09-16 00:22:00,18.7,53.5
2025-09-16 00:23:00,18.6,53.9
2025-09-16 00:24:00,18.6,53.6
2025-09-16 00:25:00,18.6,54.6
2025-09-16 00:26:00,18.8,52.9
2025-09-16 00:27:00,18.6,54.0
2025-09-16 00:28:00,18.5,53.5
2025-09-16 00:29:00,18.7,54.7
2025-09-16 00:30:00,18.8,52.9
2025-09-16 00:31:00,18.8,54.3
2025-09-16 00:32:00,18.7,54.5
2025-09-16 00:33:00,18.8,54.6
2025-09-16 00:34:00,18.6,53.9
2025-09-16 00:35:00,19.0,53.9
2025-09-16 00:36:00,18.7,54.9
2025-09-16 00:37:00,18.7,54.0
2025-09-16 00:38:00,18.7,54.4
2025-09-16 00:39:00,18.8,53.2
2025-09-16 00:40:00,18.8,55.0
2025-09-16 00:41:00,18.8,54.3
2025-09-16 00:42:00,18.7,54.5
2025-09-16 00:43:00,19.0,53.7
2025-09-16 00:44:00,18.7,53.4
2025-09-16 00:45:00,18.7,53.7
2025-09-16 00:46:00,18.8,53.9
2025-09-16 00:47:00,18.7,54.1
2025-09-16 00:48:00,18.6,52.8
2025-09-16 00:49:00,18.6,54.4
2025-09-16 00:50:00,19.1,53.7
2025-09-16 00:51:00,18.9,54.1
2025-09-16 00:52:00,18.8,53.7
2025-09-16 00:53:00,18.8,53.0
2025-09-16 00:54:00,18.9,54.9
2025-09-16 00:55:00,18.9,53.7
2025-09-16 00:56:00,18.7,54.7
2025-09-16 00:57:00,18.9,53.7
2025-09-16 00:58:00,18.5,53.7
2025-09-16 00:59:00,18.8,53.9
2025-09-16 01:00:00,18.7,54.8
2025-09-16 01:01:00,18.8,53.2
2025-09-16 01:02:00,18.7,53.7
2025-09-16 01:03:00,18.8,53.4
2025-09-16 01:04:00,18.8,54.2
2025-09-16 01:05:00,18.8,54.3
2025-09-16 01:06:00,19.0,54.7
2025-09-16 01:07:00,18.9,53.3
2025-09-16 01:08:00,18.9,53.6
2025-09-16 01:09:00,18.7,54.4
2025-09-16 01:10:00,19.0,54.0
2025-09-16 01:11:00,18.9,52.6
2025-09-16 01:12:00,18.7,54.7
2025-09-16 01:13:00,18.8,53.8
2025-09-16 01:14:00,18.7,54.0
2025-09-16 01:15:00,18.8,54.6
2025-09-16 01:16:00,18.9,54.2
2025-09-16 01:17:00,18.7,54.0
2025-09-16 01:18:00,18.8,54.2
2025-09-16 01:19:00,18.7,53.7
2025-09-16 01:20:00,18.9,53.4
2025-09-16 01:21:00,18.9,53.3
2025-09-16 01:22:00,18.8,53.6
2025-09-16 01:23:00,18.7,53.5
2025-09-16 01:24:00,18.9,53.8
2025-09-16 01:25:00,18.8,53.2
2025-09-16 01:26:00,18.9,53.9
2025-09-16 01:27:00,19.0,53.5
2025-09-16 01:28:00,19.0,53.2
2025-09-16 01:29:00,18.9,53.6
2025-09-16 01:30:00,18.9,53.5
2025-09-16 01:31:00,18.8,53.5
2025-09-16 01:32:00,19.1,54.8
2025-09-16 01:33:00,18.8,54.0
2025-09-16 01:34:00,18.7,53.4
2025-09-16 01:35:00,18.8,53.3
2025-09-16 01:36:00,19.0,54.1
2025-09-16 01:37:00,18.6,54.5
2025-09-16 01:38:00,18.9,54.0
2025-09-16 01:39:00,18.8,54.2
2025-09-16 01:40:00,19.0,55.3
2025-09-16 01:41:00,19.0,54.1
2025-09-16 01:42:00,18.6,53.3
2025-09-16 01:43:00,19.1,53.5
2025-09-16 01:44:00,18.8,53.3
2025-09-16 01:45:00,18.6,53.9
2025-09-16 01:46:00,18.8,53.3
2025-09-16 01:47:00,18.8,54.1
2025-09-16 01:48:00,18.8,53.1
2025-09-16 01:49:00,18.8,54.2
2025-09-16 01:50:00,18.6,54.5
2025-09-16 01:51:00,18.8,53.2
2025-09-16 01:52:00,18.8,54.2
2025-09-16 01:53:00,18.9,53.9
2025-09-16 01:54:00,18.8,54.2
2025-09-16 01:55:00,18.8,54.0
2025-09-16 01:56:00,18.9,54.2
2025-09-16 01:57:00,18.8,53.2
2025-09-16 01:58:00,18.6,54.7
2025-09-16 01:59:00,18.9,54.9
2025-09-16 02:00:00,18.8,54.2
2025-09-16 02:01:00,18.9,54.5
2025-09-16 02:02:00,18.9,54.9
2025-09-16 02:03:00,18.7,54.0
2025-09-16 02:04:00,18.7,54.0
2025-09-16 02:05:00,19.0,54.3
2025-09-16 02:06:00,18.7,55.2
2025-09-16 02:07:00,18.7,53.1
2025-09-16 02:08:00,18.8,53.1
2025-09-16 02:09:00,18.9,53.5
2025-09-16 02:10:00,18.5,53.6
2025-09-16 02:11:00,18.6,52.8
2025-09-16 02:12:00,18.7,54.1
2025-09-16 02:13:00,18.8,54.2
2025-09-16 02:14:00,18.6,54.2
2025-09-16 02:15:00,18.6,54.1
2025-09-16 02:16:00,18.6,53.7
2025-09-16 02:17:00,18.8,54.8
2025-09-16 02:18:00,18.6,53.3
2025-09-16 02:19:00,18.5,53.9
2025-09-16 02:20:00,18.8,54.3
2025-09-16 02:21:00,18.6,54.6
2025-09-16 02:22:00,18.7,55.3
2025-09-16 02:23:00,18.8,54.6
2025-09-16 02:24:00,18.7,53.7
2025-09-16 02:25:00,18.7,53.8
2025-09-16 02:26:00,18.6,53.7
2025-09-16 02:27:00,18.6,53.8
2025-09-16 02:28:00,18.5,54.9
2025-09-16 02:29:00,18.6,53.3
2025-09-16 02:30:00,18.6,54.7
2025-09-16 02:31:00,18.5,54.7
2025-09-16 02:32:00,18.6,54.0
2025-09-16 02:33:00,18.6,54.3
2025-09-16 02:34:00,18.6,54.1
2025-09-16 02:35:00,18.6,53.8
2025-09-16 02:36:00,18.7,53.2
2025-09-16 02:37:00,18.7,54.1
2025-09-16 02:38:00,18.6,54.2
2025-09-16 02:39:00,18.4,53.5
2025-09-16 02:40:00,18.6,54.1
2025-09-16 02:41:00,18.4,53.2
2025-09-16 02:42:00,18.5,54.8
2025-09-16 02:43:00,18.7,54.0
2025-09-16 02:44:00,18.7,55.1
2025-09-16 02:45:00,18.5,53.7
2025-09-16 02:46:00,18.6,53.9
2025-09-16 02:47:00,18.5,53.7
2025-09-16 02:48:00,18.5,54.9
2025-09-16 02:49:00,18.6,54.3
2025-09-16 02:50:00,18.6,54.8
2025-09-16 02:51:00,18.6,54.1
2025-09-16 02:52:00,18.5,54.0
2025-09-16 02:53:00,18.3,54.3
2025-09-16 02:54:00,18.4,54.8
2025-09-16 02:55:00,18.6,54.3
2025-09-16 02:56:00,18.4,53.6
2025-09-16 02:57:00,18.6,54.6
2025-09-16 02:58:00,18.4,54.3
2025-09-16 02:59:00,18.4,54.1
2025-09-16 03:00:00,18.7,54.0
2025-09-16 03:01:00,18.5,54.2
2025-09-16 03:02:00,18.4,54.3
2025-09-16 03:03:00,18.5,54.1
2025-09-16 03:04:00,18.3,53.8
2025-09-16 03:05:00,18.4,53.7
2025-09-16 03:06:00,18.3,55.0
2025-09-16 03:07:00,18.3,53.8
2025-09-16 03:08:00,18.3,53.7
2025-09-16 03:09:00,18.4,53.6
2025-09-16 03:10:00,18.5,53.5
2025-09-16 03:11:00,18.5,53.7
2025-09-16 03:12:00,18.4,53.4
2025-09-16 03:13:00,18.2,54.7
2025-09-16 03:14:00,18.5,55.0
2025-09-16 03:15:00,18.2,54.0
2025-09-16 03:16:00,18.4,53.6
2025-09-16 03:17:00,18.4,54.0
2025-09-16 03:18:00,18.4,54.3
2025-09-16 03:19:00,18.3,54.0
2025-09-16 03:20:00,18.3,53.9
2025-09-16 03:21:00,18.4,54.6
2025-09-16 03:22:00,18.5,53.8
2025-09-16 03:23:00,18.2,53.6
2025-09-16 03:24:00,18.4,54.2
2025-09-16 03:25:00,18.3,54.7
2025-09-16 03:26:00,18.2,53.8
2025-09-16 03:27:00,18.3,53.4
2025-09-16 03:28:00,18.5,53.1
2025-09-16 03:29:00,18.3,53.6
2025-09-16 03:30:00,18.2,53.7
2025-09-16 03:31:00,18.4,53.9
2025-09-16 03:32:00,18.6,54.2
2025-09-16 03:33:00,18.4,54.4
2025-09-16 03:34:00,18.3,53.3
2025-09-16 03:35:00,18.2,53.7
2025-09-16 03:36:00,18.4,53.5
2025-09-16 03:37:00,18.2,54.5
2025-09-16 03:38:00,18.1,55.0
2025-09-16 03:39:00,18.2,53.4
2025-09-16 03:40:00,18.4,55.1
2025-09-16 03:41:00,18.4,54.4
2025-09-16 03:42:00,18.3,53.3
2025-09-16 03:43:00,18.4,54.7
2025-09-16 03:44:00,18.4,53.0
2025-09-16 03:45:00,18.4,53.7
2025-09-16 03:46:00,18.3,54.1
2025-09-16 03:47:00,18.5,54.7
2025-09-16 03:48:00,nan,nan
2025-09-16 03:49:00,18.4,53.6
2025-09-16 03:50:00,18.3,54.0
2025-09-16 03:51:00,18.5,53.7
2025-09-16 03:52:00,18.3,53.7
2025-09-16 03:53:00,18.6,54.3
2025-09-16 03:54:00,18.3,55.2
2025-09-16 03:55:00,18.5,54.6
2025-09-16 03:56:00,18.3,53.5
2025-09-16 03:57:00,18.5,53.9
2025-09-16 03:58:00,18.3,53.8
2025-09-16 03:59:00,18.3,54.9
2025-09-16 04:00:00,18.6,54.5
2025-09-16 04:01:00,18.4,53.8
2025-09-16 04:02:00,18.6,53.1
2025-09-16 04:03:00,18.3,53.3
2025-09-16 04:04:00,18.3,53.7
2025-09-16 04:05:00,18.8,53.5
2025-09-16 04:06:00,18.4,54.4
2025-09-16 04:07:00,18.5,52.9
2025-09-16 04:08:00,18.3,53.8
2025-09-16 04:09:00,18.5,53.9
2025-09-16 04:10:00,18.3,53.6
2025-09-16 04:11:00,nan,nan
2025-09-16 04:12:00,18.5,54.5
2025-09-16 04:13:00,18.4,53.3
2025-09-16 04:14:00,18.4,53.6
2025-09-16 04:15:00,18.4,53.8
2025-09-16 04:16:00,18.5,54.3
2025-09-16 04:17:00,18.7,54.5
2025-09-16 04:18:00,18.5,54.9
2025-09-16 04:19:00,18.5,53.0
2025-09-16 04:20:00,18.4,54.8
2025-09-16 04:21:00,18.5,54.2
2025-09-16 04:22:00,18.4,54.3
2025-09-16 04:23:00,18.7,54.0
2025-09-16 04:24:00,18.5,55.4
2025-09-16 04:25:00,18.4,54.5
2025-09-16 04:26:00,18.6,53.8
2025-09-16 04:27:00,18.7,54.9
2025-09-16 04:28:00,18.7,54.3
2025-09-16 04:29:00,18.3,54.5
2025-09-16 04:30:00,18.7,53.3
2025-09-16 04:31:00,18.6,53.9
2025-09-16 04:32:00,18.8,53.5
2025-09-16 04:33:00,18.7,53.9
2025-09-16 04:34:00,18.6,53.7
2025-09-16 04:35:00,18.7,53.8
2025-09-16 04:36:00,18.7,54.6
2025-09-16 04:37:00,18.5,54.7
2025-09-16 04:38:00,18.6,54.2
2025-09-16 04:39:00,18.7,53.7
2025-09-16 04:40:00,18.8,53.8
2025-09-16 04:41:00,18.5,54.1
2025-09-16 04:42:00,18.7,52.8
2025-09-16 04:43:00,18.5,53.5
2025-09-16 04:44:00,18.6,55.4
2025-09-16 04:45:00,18.7,54.7
2025-09-16 04:46:00,18.4,54.7
2025-09-16 04:47:00,18.6,55.1
2025-09-16 04:48:00,18.8,54.4
2025-09-16 04:49:00,18.7,54.0
2025-09-16 04:50:00,18.6,54.3
2025-09-16 04:51:00,18.7,53.7
2025-09-16 04:52:00,18.7,54.0
2025-09-16 04:53:00,18.5,53.5
2025-09-16 04:54:00,18.5,53.9
2025-09-16 04:55:00,18.6,53.7
2025-09-16 04:56:00,18.7,53.9
2025-09-16 04:57:00,18.6,53.9
2025-09-16 04:58:00,18.7,54.0
2025-09-16 04:59:00,18.8,54.2
2025-09-16 05:00:00,18.9,53.5
2025-09-16 05:01:00,18.6,54.7
2025-09-16 05:02:00,18.7,54.5
2025-09-16 05:03:00,18.7,54.1
2025-09-16 05:04:00,18.8,54.4
2025-09-16 05:05:00,18.7,54.3
2025-09-16 05:06:00,18.9,54.1
2025-09-16 05:07:00,18.8,54.4
2025-09-16 05:08:00,18.9,53.4
2025-09-16 05:09:00,19.0,54.5
2025-09-16 05:10:00,18.7,53.6
2025-09-16 05:11:00,18.7,53.8
2025-09-16 05:12:00,18.7,54.7
2025-09-16 05:13:00,18.8,53.7
2025-09-16 05:14:00,18.7,53.0
2025-09-16 05:15:00,19.0,54.0
2025-09-16 05:16:00,18.6,53.8
2025-09-16 05:17:00,18.9,54.3
2025-09-16 05:18:00,18.9,54.3
2025-09-16 05:19:00,18.7,54.2
2025-09-16 05:20:00,18.9,54.3
2025-09-16 05:21:00,18.9,53.8
2025-09-16 05:22:00,18.7,54.3
2025-09-16 05:23:00,18.8,53.5
2025-09-16 05:24:00,18.9,53.6
2025-09-16 05:25:00,18.9,53.5
2025-09-16 05:26:00,18.9,53.6
2025-09-16 05:27:00,19.0,54.1
2025-09-16 05:28:00,18.7,53.9
2025-09-16 05:29:00,18.9,53.1
2025-09-16 05:30:00,18.8,53.7
2025-09-16 05:31:00,18.9,55.0
2025-09-16 05:32:00,19.0,53.9
2025-09-16 05:33:00,18.8,54.3
2025-09-16 05:34:00,18.7,53.5
2025-09-16 05:35:00,19.0,54.3
2025-09-16 05:36:00,18.7,53.8
2025-09-16 05:37:00,18.8,54.0
2025-09-16 05:38:00,18.9,54.1
2025-09-16 05:39:00,18.8,53.6
2025-09-16 05:40:00,19.1,54.8
2025-09-16 05:41:00,18.7,54.7
2025-09-16 05:42:00,18.7,54.5
2025-09-16 05:43:00,18.8,55.3
2025-09-16 05:44:00,18.8,54.3
2025-09-16 05:45:00,18.8,54.2
2025-09-16 05:46:00,18.8,54.5
2025-09-16 05:47:00,18.6,54.0
2025-09-16 05:48:00,18.9,54.3
2025-09-16 05:49:00,18.9,53.7
2025-09-16 05:50:00,19.0,53.6
2025-09-16 05:51:00,18.9,54.1
2025-09-16 05:52:00,19.0,54.1
2025-09-16 05:53:00,18.6,53.1
2025-09-16 05:54:00,18.7,53.2
2025-09-16 05:55:00,18.8,53.5
2025-09-16 05:56:00,18.9,53.7
2025-09-16 05:57:00,18.8,54.0
2025-09-16 05:58:00,19.0,54.4
2025-09-16 05:59:00,18.6,54.4
2025-09-16 06:00:00,18.5,54.8
2025-09-16 06:01:00,19.0,53.6
2025-09-16 06:02:00,18.7,53.8
2025-09-16 06:03:00,18.6,53.6
2025-09-16 06:04:00,18.9,53.6
2025-09-16 06:05:00,18.8,54.4
2025-09-16 06:06:00,18.9,52.9
2025-09-16 06:07:00,18.7,53.1
2025-09-16 06:08:00,18.7,53.6
2025-09-16 06:09:00,18.6,53.5
2025-09-16 06:10:00,18.8,54.5
2025-09-16 06:11:00,18.6,53.2
2025-09-16 06:12:00,18.7,54.1
2025-09-16 06:13:00,18.8,53.4
2025-09-16 06:14:00,18.7,53.9
2025-09-16 06:15:00,18.8,54.4
2025-09-16 06:16:00,18.7,54.7
2025-09-16 06:17:00,18.9,53.8
2025-09-16 06:18:00,18.9,54.2
2025-09-16 06:19:00,18.8,53.1
2025-09-16 06:20:00,18.6,54.8
2025-09-16 06:21:00,18.9,54.1
2025-09-16 06:22:00,18.8,54.4
2025-09-16 06:23:00,18.9,54.2
2025-09-16 06:24:00,18.9,55.7
2025-09-16 06:25:00,18.8,55.0
2025-09-16 06:26:00,18.7,53.4
2025-09-16 06:27:00,18.9,53.5
2025-09-16 06:28:00,nan,nan
2025-09-16 06:29:00,18.8,54.0
2025-09-16 06:30:00,18.7,53.9
2025-09-16 06:31:00,18.5,54.4
2025-09-16 06:32:00,18.7,53.6
2025-09-16 06:33:00,18.7,53.8
2025-09-16 06:34:00,18.8,54.6
2025-09-16 06:35:00,18.9,52.6
2025-09-16 06:36:00,18.7,54.7
2025-09-16 06:37:00,18.8,52.4
2025-09-16 06:38:00,18.7,54.3
2025-09-16 06:39:00,18.7,52.8
2025-09-16 06:40:00,18.8,53.7
2025-09-16 06:41:00,18.6,54.5
2025-09-16 06:42:00,18.9,53.9
2025-09-16 06:43:00,18.5,53.8
2025-09-16 06:44:00,18.6,54.1
2025-09-16 06:45:00,18.7,55.2
2025-09-16 06:46:00,18.7,54.6
2025-09-16 06:47:00,18.6,53.9
2025-09-16 06:48:00,18.7,54.5
2025-09-16 06:49:00,18.5,54.1
2025-09-16 06:50:00,18.6,54.1
2025-09-16 06:51:00,18.5,53.7
2025-09-16 06:52:00,18.4,53.7
2025-09-16 06:53:00,18.5,54.3
2025-09-16 06:54:00,18.8,53.9
2025-09-16 06:55:00,18.7,53.6
2025-09-16 06:56:00,18.5,53.9
2025-09-16 06:57:00,18.6,52.2
2025-09-16 06:58:00,18.6,54.5
2025-09-16 06:59:00,18.4,55.1
2025-09-16 07:00:00,18.5,54.3
2025-09-16 07:01:00,18.5,54.6
2025-09-16 07:02:00,18.7,53.7
2025-09-16 07:03:00,18.7,54.1
2025-09-16 07:04:00,18.5,54.3
2025-09-16 07:05:00,18.6,53.9
2025-09-16 07:06:00,18.5,54.6
2025-09-16 07:07:00,18.5,54.9
2025-09-16 07:08:00,18.9,54.2
2025-09-16 07:09:00,18.6,53.8
2025-09-16 07:10:00,18.7,53.9
2025-09-16 07:11:00,18.8,53.4
2025-09-16 07:12:00,18.7,53.2
2025-09-16 07:13:00,18.6,53.7
2025-09-16 07:14:00,18.4,54.2
2025-09-16 07:15:00,18.8,54.0
2025-09-16 07:16:00,18.2,53.7
2025-09-16 07:17:00,18.4,54.6
2025-09-16 07:18:00,18.8,54.0
2025-09-16 07:19:00,18.4,53.8
2025-09-16 07:20:00,18.6,53.8
2025-09-16 07:21:00,18.6,53.2
2025-09-16 07:22:00,18.9,54.3
2025-09-16 07:23:00,18.6,53.5
2025-09-16 07:24:00,18.4,54.1
2025-09-16 07:25:00,18.5,53.9
2025-09-16 07:26:00,18.6,55.0
2025-09-16 07:27:00,18.6,53.8
2025-09-16 07:28:00,18.6,54.4
2025-09-16 07:29:00,18.5,54.3
2025-09-16 07:30:00,18.7,54.7
2025-09-16 07:31:00,18.6,53.5
2025-09-16 07:32:00,18.6,53.9
2025-09-16 07:33:00,18.7,54.5
2025-09-16 07:34:00,18.6,54.6
2025-09-16 07:35:00,18.6,54.9
2025-09-16 07:36:00,18.4,53.9
2025-09-16 07:37:00,18.6,53.9
2025-09-16 07:38:00,18.6,54.1
2025-09-16 07:39:00,18.8,53.5
2025-09-16 07:40:00,18.8,54.7
2025-09-16 07:41:00,18.5,54.2
2025-09-16 07:42:00,18.6,54.2
2025-09-16 07:43:00,18.5,54.5
2025-09-16 07:44:00,18.5,53.9
2025-09-16 07:45:00,18.6,54.1
2025-09-16 07:46:00,18.4,54.0
2025-09-16 07:47:00,18.7,54.0
2025-09-16 07:48:00,18.7,54.1
2025-09-16 07:49:00,18.5,54.1
2025-09-16 07:50:00,18.6,54.2
2025-09-16 07:51:00,18.6,54.9
2025-09-16 07:52:00,18.9,53.5
2025-09-16 07:53:00,18.6,53.3
2025-09-16 07:54:00,18.6,54.0
2025-09-16 07:55:00,18.5,54.6
2025-09-16 07:56:00,18.7,54.4
2025-09-16 07:57:00,18.8,54.7
2025-09-16 07:58:00,18.8,54.3
2025-09-16 07:59:00,19.0,54.1
2025-09-16 08:00:00,18.6,54.3
2025-09-16 08:01:00,18.7,54.5
2025-09-16 08:02:00,18.8,53.7
2025-09-16 08:03:00,18.6,54.7
2025-09-16 08:04:00,18.6,53.7
2025-09-16 08:05:00,18.6,54.3
2025-09-16 08:06:00,18.7,53.4
2025-09-16 08:07:00,18.9,55.0
2025-09-16 08:08:00,18.7,52.9
2025-09-16 08:09:00,18.8,53.4
2025-09-16 08:10:00,18.6,53.4
2025-09-16 08:11:00,18.8,54.2
2025-09-16 08:12:00,18.7,53.8
2025-09-16 08:13:00,18.7,53.5
2025-09-16 08:14:00,18.9,54.1
2025-09-16 08:15:00,18.7,54.5
2025-09-16 08:16:00,18.7,53.5
2025-09-16 08:17:00,18.8,54.4
2025-09-16 08:18:00,18.8,54.7
2025-09-16 08:19:00,18.9,54.1
2025-09-16 08:20:00,18.9,54.3
2025-09-16 08:21:00,18.7,53.9
2025-09-16 08:22:00,18.9,54.0
2025-09-16 08:23:00,19.1,54.1
2025-09-16 08:24:00,19.0,53.5
2025-09-16 08:25:00,18.6,54.3
2025-09-16 08:26:00,18.8,55.2
2025-09-16 08:27:00,18.6,54.3
2025-09-16 08:28:00,18.9,54.0
2025-09-16 08:29:00,18.9,53.5
2025-09-16 08:30:00,18.8,53.6
2025-09-16 08:31:00,18.8,53.5
2025-09-16 08:32:00,18.8,53.1
2025-09-16 08:33:00,18.7,54.8
2025-09-16 08:34:00,19.1,54.1
2025-09-16 08:35:00,18.9,54.0
2025-09-16 08:36:00,18.8,54.3
2025-09-16 08:37:00,18.7,53.9
2025-09-16 08:38:00,18.8,54.7
2025-09-16 08:39:00,18.8,53.5
2025-09-16 08:40:00,18.8,53.9
2025-09-16 08:41:00,18.8,53.5
2025-09-16 08:42:00,19.0,53.8
2025-09-16 08:43:00,18.7,53.3
2025-09-16 08:44:00,19.0,53.5
2025-09-16 08:45:00,19.2,54.4
2025-09-16 08:46:00,18.9,54.6
2025-09-16 08:47:00,19.1,55.2
2025-09-16 08:48:00,19.0,54.3
2025-09-16 08:49:00,18.9,55.2
2025-09-16 08:50:00,18.9,54.2
2025-09-16 08:51:00,19.1,54.3
2025-09-16 08:52:00,19.2,53.6
2025-09-16 08:53:00,18.9,53.9
2025-09-16 08:54:00,19.0,53.8
2025-09-16 08:55:00,18.9,54.1
2025-09-16 08:56:00,18.9,54.8
2025-09-16 08:57:00,18.9,54.1
2025-09-16 08:58:00,18.9,54.0
2025-09-16 08:59:00,19.0,54.2
2025-09-16 09:00:00,18.9,54.0
