time,value
2025-09-12T09:01:43.024444984Z,-0.0658111572265625
2025-09-12T09:01:44.019394565Z,-0.065948486328125
2025-09-12T09:01:45.082395019Z,-0.0648651123046875
2025-09-12T09:01:46.081077583Z,-0.0679168701171875
2025-09-12T09:01:47.087861158Z,-0.0614776611328125
2025-09-12T09:01:48.093038716Z,-0.060150146484375
2025-09-12T09:01:49.110182152Z,-0.0665740966796875
2025-09-12T09:01:50.095013266Z,-0.0679931640625
2025-09-12T09:01:51.10614703Z,-0.0665435791015625
2025-09-12T09:01:52.107088355Z,-0.0670166015625
2025-09-12T09:01:53.109380164Z,-0.0662384033203125
2025-09-12T09:01:54.108811178Z,-0.0666351318359375
2025-09-12T09:01:55.108319562Z,-0.066314697265625
2025-09-12T09:01:56.111083475Z,-0.0675048828125
2025-09-12T09:01:57.107376818Z,-0.067291259765625
2025-09-12T09:01:58.109373119Z,-0.0674896240234375
2025-09-12T09:01:59.112839169Z,-0.068023681640625
2025-09-12T09:02:00.113319717Z,-0.066741943359375
2025-09-12T09:02:01.115317811Z,-0.06573486328125
2025-09-12T09:02:02.114288169Z,-0.0672454833984375
2025-09-12T09:02:03.113351696Z,-0.0673370361328125
2025-09-12T09:02:04.117091943Z,-0.0648193359375
2025-09-12T09:02:05.112392577Z,-0.0675506591796875
2025-09-12T09:02:06.117133788Z,-0.067413330078125
2025-09-12T09:02:07.117327064Z,-0.067413330078125
2025-09-12T09:02:08.121177955Z,-0.06719970703125
2025-09-12T09:02:09.121125804Z,-0.067657470703125
2025-09-12T09:02:10.122336956Z,-0.067169189453125
2025-09-12T09:02:11.123543338Z,-0.066802978515625
2025-09-12T09:02:12.122088602Z,-0.0662384033203125
2025-09-12T09:02:13.124135825Z,-0.067718505859375
2025-09-12T09:02:14.124222155Z,-0.0667877197265625
2025-09-12T09:02:15.118394506Z,-0.067779541015625
2025-09-12T09:02:16.124176325Z,-0.0676727294921875
2025-09-12T09:02:17.025080991Z,-0.0667266845703125
2025-09-12T09:02:18.028103155Z,-0.0650482177734375
2025-09-12T09:02:19.027434086Z,-0.0666351318359375
2025-09-12T09:02:20.028080891Z,-0.067230224609375
2025-09-12T09:02:21.029962094Z,-0.066864013671875
2025-09-12T09:02:22.028141829Z,-0.0665130615234375
2025-09-12T09:02:23.03123368Z,-0.066314697265625
2025-09-12T09:02:24.033133133Z,-0.0677642822265625
2025-09-12T09:02:25.031700734Z,-0.06719970703125
2025-09-12T09:02:26.032018506Z,-0.0667572021484375
2025-09-12T09:02:27.034451922Z,-0.0666961669921875
2025-09-12T09:02:28.031178446Z,-0.0672149658203125
2025-09-12T09:02:29.034189219Z,-0.066650390625
2025-09-12T09:02:30.033453144Z,-0.0664215087890625
2025-09-12T09:02:31.034558911Z,-0.067352294921875
2025-09-12T09:02:32.038798143Z,-0.0665283203125
2025-09-12T09:02:33.039570158Z,-0.066497802734375
2025-09-12T09:02:34.04119378Z,-0.067047119140625
2025-09-12T09:02:35.035560064Z,-0.0676727294921875
2025-09-12T09:02:36.039131071Z,-0.0667572021484375
2025-09-12T09:02:37.03947037Z,-0.066680908203125
2025-09-12T09:02:38.042556288Z,-0.0682220458984375
2025-09-12T09:02:39.039412677Z,-0.0664825439453125
2025-09-12T09:02:40.04320424Z,-0.067413330078125
2025-09-12T09:02:41.042505682Z,-0.067718505859375
2025-09-12T09:02:42.044591296Z,-0.066558837890625
2025-09-12T09:02:43.0453624Z,-0.0681304931640625
2025-09-12T09:02:44.042458108Z,-0.0659942626953125
2025-09-12T09:02:45.042976074Z,-0.0660400390625
2025-09-12T09:02:46.047391811Z,-0.0660858154296875
2025-09-12T09:02:47.044470406Z,-0.067352294921875
2025-09-12T09:02:48.046179021Z,-0.0648345947265625
2025-09-12T09:02:49.050640777Z,-0.068084716796875
2025-09-12T09:02:50.051156576Z,-0.067626953125
2025-09-12T09:02:51.049292875Z,-0.0665435791015625
2025-09-12T09:02:52.050499526Z,-0.0657806396484375
2025-09-12T09:02:53.051772539Z,-0.067230224609375
2025-09-12T09:02:54.055534145Z,-0.0674896240234375
2025-09-12T09:02:55.056496441Z,-0.066070556640625
2025-09-12T09:02:56.055620282Z,-0.067108154296875
2025-09-12T09:02:57.055604371Z,-0.067413330078125
2025-09-12T09:02:58.057572194Z,-0.066741943359375
2025-09-12T09:02:59.058389328Z,-0.06756591796875
2025-09-12T09:03:00.057429024Z,-0.0675506591796875
2025-09-12T09:03:01.061560261Z,-0.066619873046875
2025-09-12T09:03:02.06154528Z,-0.066558837890625
2025-09-12T09:03:03.062930087Z,-0.0673828125
2025-09-12T09:03:04.06142517Z,-0.067138671875
2025-09-12T09:03:05.05977065Z,-0.066619873046875
2025-09-12T09:03:06.062514932Z,-0.0667724609375
2025-09-12T09:03:07.064255814Z,-0.067474365234375
2025-09-12T09:03:08.06349996Z,-0.066436767578125
2025-09-12T09:03:09.061335098Z,-0.0660552978515625
2025-09-12T09:03:10.0606024Z,-0.066650390625
2025-09-12T09:03:11.062542745Z,-0.0668487548828125
2025-09-12T09:03:12.063593108Z,-0.0663909912109375
2025-09-12T09:03:13.063766785Z,-0.067352294921875
2025-09-12T09:03:14.063325257Z,-0.0669097900390625
2025-09-12T09:03:15.063335383Z,-0.0669097900390625
2025-09-12T09:03:16.065355788Z,-0.067901611328125
2025-09-12T09:03:17.066494665Z,-0.068084716796875
2025-09-12T09:03:18.068768811Z,-0.06793212890625
2025-09-12T09:03:19.069367699Z,-0.066986083984375
2025-09-12T09:03:20.069292515Z,-0.0668487548828125
2025-09-12T09:03:21.070501163Z,-0.0667572021484375
2025-09-12T09:03:22.071420256Z,-0.0666046142578125
2025-09-12T09:03:23.06973267Z,-0.0682830810546875
2025-09-12T09:03:24.069420341Z,-0.0668792724609375
2025-09-12T09:03:25.070873366Z,-0.066131591796875
2025-09-12T09:03:26.07431808Z,-0.0673065185546875
2025-09-12T09:03:27.076565718Z,-0.0673828125
2025-09-12T09:03:28.073671882Z,-0.0679168701171875
2025-09-12T09:03:29.073642155Z,-0.0669097900390625
2025-09-12T09:03:30.076087719Z,-0.0671234130859375
2025-09-12T09:03:31.077489046Z,-0.06671142578125
2025-09-12T09:03:32.078402359Z,-0.0665740966796875
2025-09-12T09:03:33.077638739Z,-0.066162109375
2025-09-12T09:03:34.08149498Z,-0.0656890869140625
2025-09-12T09:03:35.080608262Z,-0.0666351318359375
2025-09-12T09:03:36.08470526Z,-0.067962646484375
2025-09-12T09:03:37.079574878Z,-0.0673828125
2025-09-12T09:03:38.081374957Z,-0.0672454833984375
2025-09-12T09:03:39.083527069Z,-0.066436767578125
2025-09-12T09:03:40.090897289Z,-0.0667266845703125
2025-09-12T09:03:41.088214722Z,-0.06707763671875
2025-09-12T09:03:42.089304621Z,-0.0666046142578125
2025-09-12T09:03:43.094031438Z,-0.0669403076171875
2025-09-12T09:03:44.095999395Z,-0.065521240234375
2025-09-12T09:03:45.092591863Z,-0.0680084228515625
2025-09-12T09:03:46.092059646Z,-0.0662841796875
2025-09-12T09:03:47.098299656Z,-0.0668487548828125
2025-09-12T09:03:48.096501051Z,-0.0657958984375
2025-09-12T09:03:49.095579882Z,-0.0669708251953125
2025-09-12T09:03:50.09733695Z,-0.0670013427734375
2025-09-12T09:03:51.096314835Z,-0.0659332275390625
2025-09-12T09:03:52.098549821Z,-0.0672454833984375
2025-09-12T09:03:53.099322553Z,-0.0662078857421875
2025-09-12T09:03:54.101469037Z,-0.0660400390625
2025-09-12T09:03:55.096484467Z,-0.066680908203125
2025-09-12T09:03:56.100821776Z,-0.0658721923828125
2025-09-12T09:03:57.104401789Z,-0.0663604736328125
2025-09-12T09:03:58.101759885Z,-0.066497802734375
2025-09-12T09:03:59.113885851Z,-0.0675201416015625
2025-09-12T09:04:00.105591266Z,-0.0664215087890625
2025-09-12T09:04:01.11043335Z,-0.067840576171875
2025-09-12T09:04:02.107315875Z,-0.06689453125
2025-09-12T09:04:03.107262811Z,-0.0668182373046875
2025-09-12T09:04:04.110364188Z,-0.066253662109375
2025-09-12T09:04:05.104564368Z,-0.066070556640625
2025-09-12T09:04:06.108292498Z,-0.066925048828125
2025-09-12T09:04:07.110180362Z,-0.067352294921875
2025-09-12T09:04:08.109868338Z,-0.0673980712890625
2025-09-12T09:04:09.113028449Z,-0.0666351318359375
2025-09-12T09:04:10.11424053Z,-0.0678253173828125
2025-09-12T09:04:11.115521461Z,-0.0672607421875
2025-09-12T09:04:12.116370148Z,-0.065887451171875
2025-09-12T09:04:13.115231904Z,-0.0659942626953125
2025-09-12T09:04:14.119565764Z,-0.067840576171875
2025-09-12T09:04:15.111437485Z,-0.0663909912109375
2025-09-12T09:04:16.118748026Z,-0.066864013671875
2025-09-12T09:04:17.11764553Z,-0.0672149658203125
2025-09-12T09:04:18.120988029Z,-0.0672149658203125
2025-09-12T09:04:19.125349691Z,-0.0666046142578125
2025-09-12T09:04:20.128844148Z,-0.0673370361328125
2025-09-12T09:04:21.122884397Z,-0.067108154296875
2025-09-12T09:04:22.123549608Z,-0.06695556640625
2025-09-12T09:04:23.124316339Z,-0.0676116943359375
2025-09-12T09:04:24.124955213Z,-0.0668792724609375
2025-09-12T09:04:25.122669387Z,-0.06695556640625
2025-09-12T09:04:26.128196654Z,-0.06689453125
2025-09-12T09:04:27.128296535Z,-0.0674591064453125
2025-09-12T09:04:28.130515958Z,-0.06622314453125
2025-09-12T09:04:29.129846123Z,-0.06768798828125
2025-09-12T09:04:30.124448432Z,-0.066680908203125
2025-09-12T09:04:31.390207413Z,-0.0666046142578125
2025-09-12T09:04:32.130278063Z,-0.06756591796875
2025-09-12T09:04:33.126567945Z,-0.0667572021484375
2025-09-12T09:04:34.155709797Z,-0.0668792724609375
2025-09-12T09:04:35.135975553Z,-0.0673980712890625
2025-09-12T09:04:36.13039169Z,-0.0665740966796875
2025-09-12T09:04:37.137718936Z,-0.067626953125
2025-09-12T09:04:38.139652922Z,-0.066558837890625
2025-09-12T09:04:39.187389893Z,-0.0682830810546875
2025-09-12T09:04:40.135854255Z,-0.0666961669921875
2025-09-12T09:04:41.137893394Z,-0.0669708251953125
2025-09-12T09:04:42.144524592Z,-0.067352294921875
2025-09-12T09:04:43.142923115Z,-0.06884765625
2025-09-12T09:04:44.143457876Z,-0.06689453125
2025-09-12T09:04:45.151630713Z,-0.0680084228515625
2025-09-12T09:04:46.141609202Z,-0.0684051513671875
2025-09-12T09:04:47.142882652Z,-0.0667877197265625
2025-09-12T09:04:48.151609025Z,-0.067901611328125
2025-09-12T09:04:49.150663101Z,-0.0663909912109375
2025-09-12T09:04:50.200411534Z,-0.0677032470703125
2025-09-12T09:04:51.145830112Z,-0.0662841796875
2025-09-12T09:04:52.147421592Z,-0.0667877197265625
2025-09-12T09:04:53.14828438Z,-0.0643463134765625
2025-09-12T09:04:54.138568583Z,-0.252593994140625
2025-09-12T09:04:55.535475819Z,-0.4856719970703125
2025-09-12T09:06:26.687073146Z,-0.5186920166015625
2025-09-12T09:06:27.68502474Z,-0.31903076171875
2025-09-12T09:06:28.686973221Z,-0.1341400146484375
2025-09-12T09:06:29.684536335Z,-0.116943359375
2025-09-12T09:06:30.688536318Z,-0.117645263671875
2025-09-12T09:06:31.688908702Z,-0.1115264892578125
2025-09-12T09:06:32.692007589Z,-0.1166839599609375
2025-09-12T09:06:33.68924736Z,-0.1148681640625
2025-09-12T09:06:34.689678605Z,-0.113800048828125
2025-09-12T09:06:35.689436626Z,-0.120635986328125
2025-09-12T09:06:36.691730026Z,0.20947265625
2025-09-12T09:06:37.693145121Z,-0.1172027587890625
2025-09-12T09:06:38.696160229Z,-0.110504150390625
2025-09-12T09:06:39.691490627Z,-0.111724853515625
2025-09-12T09:06:40.707042029Z,-0.114837646484375
2025-09-12T09:06:41.708070699Z,-0.0888214111328125
2025-09-12T09:06:42.711120597Z,-0.09991455078125
2025-09-12T09:06:43.713296319Z,-0.077423095703125
2025-09-12T09:06:44.713169314Z,-0.1375579833984375
2025-09-12T09:06:45.716338468Z,-0.0649871826171875
2025-09-12T09:06:46.713266665Z,-0.0492401123046875
2025-09-12T09:06:47.717030773Z,-0.2276153564453125
2025-09-12T09:06:48.720252371Z,-0.2386474609375
2025-09-12T09:06:49.717124129Z,-0.17816162109375
2025-09-12T09:06:50.718597803Z,-0.185302734375
2025-09-12T09:06:51.720074798Z,-0.1827239990234375
2025-09-12T09:06:52.718987221Z,-0.1793975830078125
2025-09-12T09:06:53.720305795Z,-0.1775054931640625
2025-09-12T09:06:54.719237292Z,-0.17840576171875
2025-09-12T09:06:55.725301356Z,-0.176544189453125
2025-09-12T09:06:56.723124351Z,-0.2224884033203125
2025-09-12T09:06:57.726265332Z,-0.2077178955078125
2025-09-12T09:06:58.724439713Z,-0.2021942138671875
2025-09-12T09:06:59.726324508Z,-0.191253662109375
2025-09-12T09:07:00.728283846Z,-0.193695068359375
2025-09-12T09:07:01.727133752Z,-0.2008209228515625
2025-09-12T09:07:02.727235583Z,-0.195037841796875
2025-09-12T09:07:03.729047307Z,-0.192169189453125
2025-09-12T09:07:04.72646852Z,-0.196990966796875
2025-09-12T09:07:05.730817572Z,-0.197357177734375
2025-09-12T09:07:06.728111418Z,-0.194610595703125
2025-09-12T09:07:07.729259272Z,-0.1956787109375
2025-09-12T09:07:08.758191276Z,-0.1989593505859375
2025-09-12T09:07:09.723570899Z,-0.1961212158203125
2025-09-12T09:07:10.731373697Z,-0.1978302001953125
2025-09-12T09:07:11.732587885Z,-0.1981201171875
2025-09-12T09:07:12.733190762Z,-0.1917724609375
2025-09-12T09:07:13.727332185Z,-0.194183349609375
2025-09-12T09:07:14.732431816Z,-0.1999664306640625
2025-09-12T09:07:15.735131447Z,-0.20745849609375
2025-09-12T09:07:16.73836318Z,-0.19793701171875
2025-09-12T09:07:17.738307315Z,-0.1966552734375
2025-09-12T09:07:18.738426719Z,-0.1963043212890625
2025-09-12T09:07:19.740351105Z,-0.1948699951171875
2025-09-12T09:07:20.738744081Z,-0.198944091796875
2025-09-12T09:07:21.741247879Z,-0.198883056640625
2025-09-12T09:07:22.739767616Z,-0.192352294921875
2025-09-12T09:07:23.743268682Z,-0.1953887939453125
2025-09-12T09:07:24.740180209Z,-0.1965179443359375
2025-09-12T09:07:25.966442832Z,-0.19866943359375
2025-09-12T09:07:26.74662534Z,-0.1957550048828125
2025-09-12T09:07:27.74448465Z,-0.1963348388671875
2025-09-12T09:07:28.746411052Z,-0.1974334716796875
2025-09-12T09:07:29.747324179Z,-0.1964263916015625
2025-09-12T09:07:30.747434228Z,-0.20196533203125
2025-09-12T09:07:31.749175058Z,-0.19793701171875
2025-09-12T09:07:32.749431457Z,-0.190704345703125
2025-09-12T09:07:33.748464294Z,-0.19525146484375
2025-09-12T09:07:34.748364566Z,-0.193817138671875
2025-09-12T09:07:35.750251358Z,-0.1975555419921875
2025-09-12T09:07:36.750152007Z,-0.186767578125
2025-09-12T09:07:37.754273589Z,-0.1872100830078125
2025-09-12T09:07:38.753306241Z,-0.186309814453125
2025-09-12T09:07:39.756028212Z,-0.2009124755859375
2025-09-12T09:07:40.756236653Z,-0.196380615234375
2025-09-12T09:07:41.757298413Z,-0.1909027099609375
2025-09-12T09:07:42.756904901Z,-0.197235107421875
2025-09-12T09:07:43.755610522Z,-0.1929473876953125
2025-09-12T09:07:44.760270757Z,-0.1929473876953125
2025-09-12T09:07:45.761126378Z,-0.19647216796875
2025-09-12T09:07:46.76051419Z,-0.1952056884765625
2025-09-12T09:07:47.763458673Z,-0.2013397216796875
2025-09-12T09:07:48.763351189Z,-0.19818115234375
2025-09-12T09:07:49.762591802Z,-0.1938018798828125
2025-09-12T09:07:50.764563885Z,-0.196533203125
2025-09-12T09:07:51.765260371Z,-0.20330810546875
2025-09-12T09:07:52.766172744Z,-0.1955108642578125
2025-09-12T09:07:53.767173526Z,-0.1954498291015625
2025-09-12T09:07:54.769898592Z,-0.1986083984375
2025-09-12T09:07:55.770141624Z,-0.19293212890625
2025-09-12T09:07:56.770233476Z,-0.1926422119140625
2025-09-12T09:07:57.771222457Z,-0.19281005859375
2025-09-12T09:07:58.771372823Z,-0.1977081298828125
2025-09-12T09:07:59.773284187Z,-0.1778106689453125
2025-09-12T09:08:00.772586519Z,-0.181549072265625
2025-09-12T09:08:01.775539493Z,-0.2054901123046875
2025-09-12T09:08:02.77614526Z,-0.2104339599609375
2025-09-12T09:08:03.777386152Z,-0.1893768310546875
2025-09-12T09:08:04.772302884Z,-0.196533203125
2025-09-12T09:08:05.776659396Z,-0.19952392578125
2025-09-12T09:08:06.775187488Z,-0.195892333984375
2025-09-12T09:08:07.775290482Z,-0.1932220458984375
2025-09-12T09:08:08.777268378Z,-0.1976318359375
2025-09-12T09:08:09.783293042Z,-0.19757080078125
2025-09-12T09:08:10.780245818Z,-0.1967926025390625
2025-09-12T09:08:11.780336518Z,-0.1990203857421875
2025-09-12T09:08:12.779303806Z,-0.198486328125
2025-09-12T09:08:13.780847516Z,-0.1993865966796875
2025-09-12T09:08:14.783677768Z,-0.195648193359375
2025-09-12T09:08:15.782249022Z,-0.1948089599609375
2025-09-12T09:08:16.787634285Z,-0.19708251953125
2025-09-12T09:08:17.786522922Z,-0.193359375
2025-09-12T09:08:18.785463985Z,-0.1844024658203125
2025-09-12T09:08:19.789667393Z,-0.1964874267578125
2025-09-12T09:08:20.791351767Z,-0.201446533203125
2025-09-12T09:08:21.789586272Z,-0.1962738037109375
2025-09-12T09:08:22.790504044Z,-0.2022247314453125
2025-09-12T09:08:23.791543423Z,-0.19427490234375
2025-09-12T09:08:24.790754036Z,-0.1923980712890625
2025-09-12T09:08:25.971996322Z,-0.197998046875
2025-09-12T09:08:26.793847362Z,-0.2023468017578125
2025-09-12T09:08:27.793947206Z,-0.20001220703125
2025-09-12T09:08:28.794273408Z,-0.1968231201171875
2025-09-12T09:08:29.794658211Z,-0.1980133056640625
2025-09-12T09:08:30.794728501Z,-0.2024993896484375
2025-09-12T09:08:31.79860026Z,-0.199920654296875
2025-09-12T09:08:32.79747603Z,-0.2010955810546875
2025-09-12T09:08:33.797501506Z,-0.2009735107421875
2025-09-12T09:08:34.801220619Z,-0.1972503662109375
2025-09-12T09:08:35.797886311Z,-0.199737548828125
2025-09-12T09:08:36.801415347Z,-0.2045440673828125
2025-09-12T09:08:37.803437193Z,-0.2020416259765625
2025-09-12T09:08:38.802405465Z,-0.20098876953125
2025-09-12T09:08:39.858442175Z,-0.1987457275390625
2025-09-12T10:13:29.822687412Z,-0.5779876708984375
2025-09-12T10:13:30.8081684Z,-0.5752105712890625
2025-09-12T10:13:31.831284392Z,-0.599395751953125
2025-09-12T10:13:32.835401977Z,-0.4967041015625
2025-09-12T10:13:33.824460307Z,-0.0849609375
2025-09-12T10:13:34.823304304Z,-0.374053955078125
2025-09-12T10:13:35.8332556Z,-0.56005859375
2025-09-12T10:13:36.835563422Z,-0.3608245849609375
2025-09-12T10:13:37.833007545Z,0.0181884765625
2025-09-12T10:13:38.833655684Z,-0.00128173828125
2025-09-12T10:13:39.837318333Z,-0.0533599853515625
2025-09-12T10:13:40.840254672Z,-0.05426025390625
2025-09-12T10:13:41.84056216Z,-0.0542144775390625
2025-09-12T10:13:42.840349604Z,-0.0540924072265625
2025-09-12T10:13:43.835250764Z,-0.0538787841796875
2025-09-12T10:13:44.844683716Z,-0.0535736083984375
2025-09-12T10:13:45.845648523Z,-0.0546417236328125
2025-09-12T10:13:46.848237983Z,-0.0542144775390625
2025-09-12T10:13:47.847138644Z,-0.0537109375
2025-09-12T10:13:48.845088578Z,-0.0532073974609375
2025-09-12T10:13:49.84674362Z,-0.0531005859375
2025-09-12T10:13:50.850393147Z,-0.0541229248046875
2025-09-12T10:13:51.849746825Z,-0.054168701171875
2025-09-12T10:13:52.8463638Z,-0.0537872314453125
2025-09-12T10:13:53.848261296Z,-0.0535125732421875
2025-09-12T10:13:54.852469793Z,-0.0541839599609375
2025-09-12T10:13:55.847448534Z,-0.0536041259765625
2025-09-12T10:13:56.852235604Z,-0.05377197265625
2025-09-12T10:13:57.852382105Z,-0.0535736083984375
2025-09-12T10:13:58.852283804Z,-0.0535125732421875
2025-09-12T10:13:59.854346774Z,-0.05364990234375
2025-09-12T10:14:00.960345037Z,-0.054107666015625
2025-09-12T10:14:01.850379187Z,-0.0543670654296875
2025-09-12T10:14:02.851680498Z,-0.0532989501953125
2025-09-12T10:14:03.856402736Z,-0.054595947265625
2025-09-12T10:14:04.858190889Z,-0.053741455078125
2025-09-12T10:14:05.861519901Z,-0.0543975830078125
2025-09-12T10:14:06.861423299Z,-0.0533905029296875
2025-09-12T10:14:07.862498512Z,-0.05413818359375
2025-09-12T10:14:08.862307049Z,-0.05401611328125
2025-09-12T10:14:09.865234378Z,-0.0531158447265625
2025-09-12T10:14:10.865349097Z,-0.07049560546875
2025-09-12T10:14:11.86238736Z,-0.1112823486328125
2025-09-12T10:14:12.863704017Z,0.0620574951171875
2025-09-12T10:14:13.863684492Z,-0.6155242919921875
2025-09-12T10:14:14.867542971Z,-0.010162353515625
2025-09-12T10:14:15.863701562Z,-0.0516815185546875
2025-09-12T10:14:16.869461526Z,0.0759429931640625
2025-09-12T10:14:17.868609297Z,0.05511474609375
2025-09-12T10:14:18.867491855Z,0.0469970703125
2025-09-12T10:14:19.870867678Z,0.0399169921875
2025-09-12T10:14:20.869364934Z,0.060272216796875
2025-09-12T10:14:21.869396247Z,0.044708251953125
2025-09-12T10:14:22.874288938Z,0.0456390380859375
2025-09-12T10:14:23.867363213Z,0.0455780029296875
2025-09-12T10:14:24.873414805Z,-0.0063018798828125
2025-09-12T10:14:25.876615023Z,0.0404052734375
2025-09-12T10:14:26.877305844Z,0.0454254150390625
2025-09-12T10:14:27.876770981Z,0.044830322265625
2025-09-12T10:14:29.07134785Z,0.0509796142578125
2025-09-12T10:14:29.875335273Z,0.0465850830078125
2025-09-12T10:14:30.878294742Z,0.04534912109375
2025-09-12T10:14:31.881982821Z,0.0469512939453125
2025-09-12T10:14:32.880361585Z,0.043792724609375
2025-09-12T10:14:33.878452958Z,0.0461578369140625
2025-09-12T10:14:34.883668929Z,0.0441436767578125
2025-09-12T10:14:35.884748043Z,0.0839385986328125
2025-09-12T10:14:36.883530256Z,0.0452880859375
2025-09-12T10:14:37.885596053Z,0.0438079833984375
2025-09-12T10:14:38.883411542Z,0.0334625244140625
2025-09-12T10:14:39.885553066Z,0.040191650390625
2025-09-12T10:14:40.886420203Z,0.0430755615234375
2025-09-12T10:14:41.88727764Z,0.043701171875
2025-09-12T10:14:42.886573411Z,0.0398101806640625
2025-09-12T10:14:43.884411463Z,0.041107177734375
2025-09-12T10:14:44.892372193Z,0.0422821044921875
2025-09-12T10:14:45.891611842Z,0.0422210693359375
2025-09-12T10:14:46.892680598Z,0.042144775390625
2025-09-12T10:14:47.890448685Z,0.0409088134765625
2025-09-12T10:14:48.89432862Z,0.0410919189453125
2025-09-12T10:14:49.896300671Z,0.041534423828125
2025-09-12T10:14:50.895508831Z,0.042633056640625
2025-09-12T10:14:51.895538092Z,0.0452423095703125
2025-09-12T10:14:52.898577058Z,0.0396728515625
2025-09-12T10:14:53.893724799Z,0.04339599609375
2025-09-12T10:14:54.898445621Z,0.0442352294921875
2025-09-12T10:14:55.899326618Z,0.035125732421875
2025-09-12T10:14:56.898373667Z,0.04180908203125
2025-09-12T10:14:57.901448034Z,0.0450286865234375
2025-09-12T10:14:58.901670696Z,0.040435791015625
2025-09-12T10:14:59.904311616Z,0.04180908203125
2025-09-12T10:15:00.911649871Z,0.0443572998046875
2025-09-12T10:15:01.903501449Z,0.041107177734375
2025-09-12T10:15:02.905856522Z,0.0440216064453125
2025-09-12T10:15:03.90355744Z,0.040496826171875
2025-09-12T10:15:04.905390744Z,0.0436859130859375
2025-09-12T10:15:05.908327238Z,0.0415496826171875
2025-09-12T10:15:06.90640774Z,0.0422821044921875
2025-09-12T10:15:07.908393636Z,0.042144775390625
2025-09-12T10:15:08.904349794Z,0.04229736328125
2025-09-12T10:15:09.913348173Z,0.05108642578125
2025-09-12T10:15:10.912824186Z,0.04168701171875
2025-09-12T10:15:11.914368464Z,0.0428314208984375
2025-09-12T10:15:12.910791133Z,0.0376129150390625
2025-09-12T10:15:13.91602994Z,0.0446014404296875
2025-09-12T10:15:14.914657797Z,0.0417938232421875
2025-09-12T10:15:15.915580009Z,0.0442657470703125
2025-09-12T10:15:16.91749471Z,0.0390777587890625
2025-09-12T10:15:17.91767302Z,0.0325775146484375
2025-09-12T10:15:18.917663274Z,-0.032928466796875
2025-09-12T10:15:19.917492233Z,0.01495361328125
2025-09-12T10:15:20.920730521Z,0.14654541015625
2025-09-12T10:15:21.914864328Z,0.0172271728515625
2025-09-12T10:15:22.919505259Z,-0.0776214599609375
2025-09-12T10:15:23.914674012Z,0.031219482421875
2025-09-12T10:15:24.918585721Z,0.130279541015625
2025-09-12T10:15:25.922523554Z,0.048736572265625
2025-09-12T10:15:26.921470926Z,0.0533294677734375
2025-09-12T10:15:27.923638083Z,0.05133056640625
2025-09-12T10:15:29.079561131Z,0.0578765869140625
2025-09-12T10:15:29.924925876Z,0.054718017578125
2025-09-12T10:15:30.929343243Z,0.050872802734375
2025-09-12T10:15:31.928541868Z,0.0528717041015625
2025-09-12T10:15:32.929477962Z,0.0547332763671875
2025-09-12T10:15:33.924730983Z,0.051055908203125
2025-09-12T10:15:34.930683158Z,0.0497589111328125
2025-09-12T10:15:35.926998811Z,0.0488739013671875
2025-09-12T10:15:36.930339838Z,0.0472412109375
2025-09-12T10:15:37.932653088Z,0.048919677734375
2025-09-12T10:15:38.940628979Z,0.0484466552734375
2025-09-12T10:15:39.935531202Z,0.0460968017578125
2025-09-12T10:15:40.935756681Z,0.049591064453125
2025-09-12T10:15:41.93468446Z,0.0470428466796875
2025-09-12T10:15:42.93558216Z,0.0507965087890625
2025-09-12T10:15:43.934727411Z,0.04815673828125
2025-09-12T10:15:44.939676296Z,0.0473480224609375
2025-09-12T10:15:45.939561279Z,0.0487518310546875
2025-09-12T10:15:46.939673457Z,0.0475006103515625
2025-09-12T10:15:47.941797337Z,0.0336761474609375
2025-09-12T10:15:48.93940265Z,0.0455780029296875
2025-09-12T10:15:49.942441174Z,0.060882568359375
2025-09-12T10:15:50.943676186Z,0.05560302734375
2025-09-12T10:15:51.944632031Z,0.043243408203125
2025-09-12T10:15:52.944473397Z,0.0484161376953125
2025-09-12T10:15:53.944048438Z,0.048797607421875
2025-09-12T10:15:54.946017606Z,0.0446624755859375
2025-09-12T10:15:55.946746551Z,0.050048828125
2025-09-12T10:15:56.947513868Z,0.052215576171875
2025-09-12T10:15:57.948766168Z,0.045654296875
2025-09-12T10:15:58.948600044Z,0.0601654052734375
2025-09-12T10:15:59.945703585Z,0.0442657470703125
2025-09-12T10:16:00.951573457Z,0.0517578125
2025-09-12T10:16:01.949591628Z,0.054779052734375
2025-09-12T10:16:02.950500173Z,0.0461273193359375
2025-09-12T10:16:03.946429495Z,0.05035400390625
2025-09-12T10:16:04.950655773Z,0.0472259521484375
2025-09-12T10:16:05.955627307Z,0.0566558837890625
2025-09-12T10:16:06.955443075Z,0.052947998046875
2025-09-12T10:16:07.955688089Z,0.051666259765625
2025-09-12T10:16:08.959543162Z,0.0507049560546875
2025-09-12T10:16:09.9586296Z,0.05035400390625
2025-09-12T10:16:10.95585077Z,0.051513671875
2025-09-12T10:16:11.953443411Z,0.05126953125
2025-09-12T10:16:13.044549723Z,0.050933837890625
2025-09-12T10:19:33.319178188Z,-0.6998291015625
2025-09-12T10:19:34.319456637Z,-0.091888427734375
2025-09-12T10:19:35.321181229Z,-0.2819061279296875
2025-09-12T10:19:36.316151856Z,-0.0306854248046875
2025-09-12T10:19:37.324102858Z,-0.042388916015625
2025-09-12T10:19:38.325483523Z,-0.072357177734375
2025-09-12T10:19:39.327198406Z,-0.05621337890625
2025-09-12T10:19:40.326100093Z,-0.053466796875
2025-09-12T10:19:41.326407432Z,-0.0536041259765625
2025-09-12T10:19:42.32859762Z,-0.05340576171875
2025-09-12T10:19:43.328148992Z,-0.052947998046875
2025-09-12T10:19:44.329208902Z,-0.054168701171875
2025-09-12T10:19:45.329272508Z,-0.054046630859375
2025-09-12T10:19:46.33035928Z,-0.0531005859375
2025-09-12T10:19:47.331269373Z,-0.053619384765625
